IsHoliday,Weekly_Sales
No,1041256.3802088555
Yes,1122887.8923555557
